<?xml version="1.0" encoding="UTF-8"?>
<!--
Configuration后面的status，这个用于设置log4j2自身内部的信息输出，可以不设置，当设置成trace时，你会看到log4j2内部各种详细输出。
TRACE < DEBUG < INFO < WARN < ERROR < FATAL -->
<!--
monitorInterval：Log4j能够自动检测修改配置 文件和重新配置本身，设置间隔秒数。
-->
<configuration status="info" monitorInterval="30">
    <!--先定义所有的appender-->
    <appenders>

        <!--这个输出控制台的配置-->
        <Console name="Console" target="SYSTEM_OUT">
            <!--控制台只输出level及以上级别的信息（onMatch），其他的直接拒绝（onMismatch）-->
            <!-- <ThresholdFilter level="trace" onMatch="ACCEPT" onMismatch="DENY"/>-->
            <!--这个是输出日志的格式-->
            <PatternLayout pattern="%d{HH:mm:ss.SSS} %-5level %class{36} %L %M - %msg%xEx%n"/>
        </Console>
        <!--文件会打印出所有信息，这个log每次运行程序会自动清空，由append属性决定，这个也挺有用的，适合临时测试用-->
        <File name="filelog" fileName="/home/log/test1.log" append="true" filePattern="log/$${date:yyyy-MM}/app-%d{MM-dd-yyyy}-%i.log">
            <PatternLayout pattern="%d{HH:mm:ss.SSS} %-5level %class{36} %L %M - %msg%xEx%n"/>
        </File>
        <!-- 这个会打印出所有的信息，每次大小超过size，则这size大小的日志会自动存入按年份-月份建立的文件夹下面并进行压缩，作为存档-->
        <RollingFile name="RollingFile" fileName="D:/log/test.log"
                     filePattern="log/$${date:yyyy-MM}/app-%d{MM-dd-yyyy}-%i.log.gz">
            <PatternLayout pattern="%d{yyyy-MM-dd 'at' HH:mm:ss z} %-5level %class{36} %L %M - %msg%xEx%n"/>
            <SizeBasedTriggeringPolicy size="50MB"/>
            <!-- DefaultRolloverStrategy属性如不设置，则默认为最多同一文件夹下7个文件，这里设置了20 -->
            <DefaultRolloverStrategy max="20"/>
        </RollingFile>
    </appenders>

    <!--然后定义logger，只有定义了logger并引入的appender，appender才会生效-->
    <loggers>
        <!--建立一个默认的root的logger  -->
        <root level="INFO">
            <appender-ref ref="Console"/>
            <AppenderRef ref="filelog"/>
            <!-- 输出设置 -->
            <AppenderRef ref="RollingFile"/>
        </root>


        <!--这个logger的name-->
        <logger name="com.pro.warehouse" level="INFO" additivity="false">
            <appender-ref ref="RollingFile"/>
        </logger>

        <!--这个logger的name-->
        <logger name="com.pro.warehouse" level="INFO" additivity="false">
            <appender-ref ref="Console"/>
        </logger>

    </loggers>
</configuration>